{
  "k": 5,
  "seed": 0,
  "num_boxes": 40058,
  "mean_iou": 0.6195829510688782,
  "anchors_rel": [
    [
      0.06800000369548798,
      0.1146666631102562
    ],
    [
      0.15600000321865082,
      0.2732732594013214
    ],
    [
      0.4440000057220459,
      0.36800000071525574
    ],
    [
      0.2919999957084656,
      0.6394736766815186
    ],
    [
      0.7739999890327454,
      0.8019999861717224
    ]
  ]
}