epoch,train_loss,train_map50,train_map50_95,val_loss,val_map50,val_map50_95,lr,epoch_time
1,7.25704,0.00110,0.00027,6.06811,0.00972,0.00261,0.0001,273.78507
2,5.85888,0.01853,0.00569,5.45245,0.04302,0.01395,0.00019,278.90128
3,5.18281,0.05641,0.01979,4.91789,0.07128,0.02329,0.00028000000000000003,300.89933
4,4.78189,0.10434,0.03932,4.56571,0.12964,0.05486,0.00037,320.71205
5,4.42448,0.16597,0.06610,4.60288,0.19994,0.07265,0.00046,323.40688
6,4.20548,0.20279,0.08214,4.06462,0.22261,0.07483,0.00055,347.45582
7,4.02549,0.22987,0.09501,4.25107,0.18981,0.05693,0.00064,326.49181
8,3.86808,0.25986,0.10951,3.97907,0.26318,0.07933,0.00073,332.35970
9,3.79421,0.27570,0.11365,4.31568,0.17293,0.04401,0.0008200000000000001,334.19338
